{
    "postgres_details": {
        "db_host": "Dcslpd2370",
        "db_port": "5432",
        "db_database": "dku_stage",
        "db_user": "dataikustage",
        "db_pass": "data_1kustage"
    },
    "suri_drift_ip_58cols": {
        "toolid": "text",
        "runid": "text",
        "chamber_name": "text",
        "chamber_slot": "text",
        "chamber_side": "text",
        "chamber_path": "text",
        "chamber_type": "text",
        "recipe_name": "text",
        "lot": "text",
        "lotcreationtime": "text",
        "wafername": "text",
        "wafersource_slot": "text",
        "wafersource_foup": "text",
        "foupid": "text",
        "scribe_id": "text",
        "result": "text",
        "step": "text",
        "stepname": "text",
        "loop": "text",
        "recipetype": "text",
        "internalstepindex": "text",
        "starttime": "text",
        "calendartime": "text",
        "relativetime": "text",
        "opl_mean": "text",
        "opl_main": "text",
        "opl_550": "text",
        "amp_mean": "text",
        "wl_main_peak": "text",
        "peaks": "text",
        "peaks_amp": "text",
        "valleys": "text",
        "valleys_amp": "text",
        "wl_lower": "text",
        "wl_upper": "text",
        "corrfactor": "text",
        "filter_type": "text",
        "filter_width": "text",
        "window_med": "text",
        "lamp_on_percentage_saturation": "text",
        "lamp_off_percentage_saturation": "text",
        "is_low_spectral_signal": "text",
        "min_prominence_ratio": "text",
        "is_extra_peaks_valleys": "text",
        "is_single_cluster": "text",
        "fit_residual": "text",
        "smoothness": "text",
        "threshold_over_min_prominence": "text",
        "data_quality": "text",
        "algover": "text",
        "error_event": "text",
        "error_description": "text",
        "integrationtime": "text",
        "averagedintegrations": "text",
        "datainterval": "text",
        "lampmode": "text",
        "lampintensity": "text",
        "partitioned_by": "text"
    }        


}