{
    "postgres_details": {
        "db_host": "dcaldd1016",
        "db_port": "5432",
        "db_database": "learning_rate",
        "db_user": "lr_pguser",
        "db_pass": "lr_pgpass"
    },
    "output_table_name":"OWPS_DRIFT_aic_owps_drift_op_21",
    "output_table_name_new":"OWPS_DRIFT_aic_owps_drift_op_39",
    "input_table_name":"OWPS_DRIFT_ait_owps_summ_ip_34",
    "input_table_name_new":"OWPS_DRIFT_ait_owps_summ_ip_58",
    "OWPS_DRIFT_ait_owps_summ_ip_34": {
        "toolid": "text",
        "runid": "text",
        "chamber_name": "text",
        "chamber_slot": "bigint",
        "chamber_side": "bigint",
        "chamber_path": "text",
        "chamber_type": "text",
        "recipe_name": "text",
        "lot": "text",
        "lotcreationtime": "text",
        "wafername": "text",
        "wafersource_slot": "bigint",
        "wafersource_foup": "text",
        "foupid": "text",
        "scribe_id": "text",
        "result": "text",
        "step": "text",
        "stepname": "text",
        "loop": "text",
        "recipetype": "text",
        "internalstepindex": "bigint",
        "starttime": "text",
        "calendartime": "text",
        "relativetime": "double precision",
        "opl_mean": "double precision",
        "opl_main": "double precision",
        "opl_550": "double precision",
        "amp_mean": "double precision",
        "wl_main_peak": "double precision",
        "peaks": "text",
        "peaks_amp": "text",
        "valleys": "text",
        "valleys_amp": "text",
        "wl_lower": "text",
        "wl_upper": "text",
        "corrfactor": "double precision",
        "filter_type": "text",
        "filter_width": "text",
        "window_med": "text",
        "lamp_on_percentage_saturation": "double precision",
        "lamp_off_percentage_saturation": "double precision",
        "is_low_spectral_signal": "boolean",
        "min_prominence_ratio": "double precision",
        "is_extra_peaks_valleys": "boolean",
        "is_single_cluster": "boolean",
        "fit_residual": "double precision",
        "smoothness": "double precision",
        "threshold_over_min_prominence": "double precision",
        "data_quality": "double precision",
        "algover": "double precision",
        "error_event": "text",
        "error_description": "text",
        "integrationtime": "bigint",
        "averagedintegrations": "bigint",
        "datainterval": "bigint",
        "lampmode": "text",
        "lampintensity": "bigint",
        "partitioned_by": "text"
    },
    "OWPS_DRIFT_aic_owps_drift_op_21": {
        "toolid": "text",
        "runid": "text",
        "chamber_name": "text",
        "recipe_name": "text",
        "lot": "text",
        "lotcreationtime": "timestamp without time zone",
        "wafername": "text",
        "chamber_slot": "bigint",
        "chamber_side": "bigint",
        "wafersource_slot": "bigint",
        "step": "text",
        "stepname": "text",
        "loop": "text",
        "internalstepindex": "bigint",
        "relativetime": "double precision",
        "amp_mean": "double precision",
        "wl_main_peak": "double precision",
        "recorded": "timestamp without time zone",
        "historical_opl_min": "double precision",
        "is_rebaselined": "text",
        "cwi": "double precision",
        "step_data_quality": "double precision",
        "lot_data_quality": "double precision",
        "opl_mean_median": "double precision",
        "opl_mean_min": "double precision",
        "opl_mean_range": "double precision",
        "opl_mean_std": "double precision",
        "opl_mean_mean": "double precision",
        "opl_550_median": "double precision",
        "opl_550_range": "double precision",
        "opl_550_std": "double precision",
        "opl_550_min": "double precision",
        "opl_550_mean": "double precision",
        "opl_main_median": "double precision",
        "opl_main_std": "double precision",
        "opl_main_range": "double precision",
        "opl_main_mean": "double precision",
        "record_insert_time": "timestamp without time zone",
        "partitioned_by": "text"
    },
    "data_type_mapping": ["text","varchar","timestamp","timestamp without time zone","double precision","float","bigint","int"]

}